<?xml version="1.0" encoding="UTF-8"?>
<project-private xmlns="http://www.netbeans.org/ns/project-private/1">
    <editor-bookmarks xmlns="http://www.netbeans.org/ns/editor-bookmarks/2" lastBookmarkId="0"/>
    <open-files xmlns="http://www.netbeans.org/ns/projectui-open-files/2">
        <group>
            <file>file:/C:/Users/Victor/Desktop/Embedded_Computing/Coursework%20Material-20171021/Task6.3C/init.c</file>
            <file>file:/C:/Users/Victor/Desktop/Embedded_Computing/Coursework%20Material-20171021/Task6.3C/main.c</file>
        </group>
    </open-files>
</project-private>
